{"cameraMode":{"drawMode":0,"name":"Shaded","section":"Shading Mode"},"sceneLighting":false,"audioPlay":false,"sceneViewState":{"showFog":false,"showMaterialUpdate":false,"showSkybox":false,"showFlares":false,"showImageEffects":false,"showParticleSystems":false},"in2DMode":false,"pivot":{"x":6.649997711181641,"y":0.2499999850988388,"z":-13.34999942779541},"rotation":{"x":0.2924225628376007,"y":-0.5813471674919128,"z":0.23550643026828767,"w":0.7218489646911621},"size":18.881404876708986,"orthographic":false}