{"cameraMode":{"drawMode":0,"name":"Shaded","section":"Shading Mode"},"sceneLighting":false,"audioPlay":false,"sceneViewState":{"showFog":false,"showMaterialUpdate":false,"showSkybox":false,"showFlares":false,"showImageEffects":false,"showParticleSystems":false},"in2DMode":false,"pivot":{"x":6.75,"y":0.05000010505318642,"z":-13.249999046325684},"rotation":{"x":0.018254093825817109,"y":0.9804920554161072,"z":-0.16114798188209535,"w":0.11106721311807633},"size":18.7383975982666,"orthographic":false}