{"cameraMode":{"drawMode":0,"name":"Shaded","section":"Shading Mode"},"sceneLighting":false,"audioPlay":false,"sceneViewState":{"showFog":true,"showMaterialUpdate":true,"showSkybox":false,"showFlares":true,"showImageEffects":true,"showParticleSystems":true},"in2DMode":false,"pivot":{"x":1.0962867736816407,"y":10.699999809265137,"z":-55.0},"rotation":{"x":0.10258743911981583,"y":-0.30517521500587466,"z":0.03308707848191261,"w":0.9461789727210999},"size":1.2247449159622193,"orthographic":false}