{"cameraMode":{"drawMode":0,"name":"Shaded","section":"Shading Mode"},"sceneLighting":false,"audioPlay":false,"sceneViewState":{"showFog":false,"showMaterialUpdate":false,"showSkybox":false,"showFlares":false,"showImageEffects":false,"showParticleSystems":false},"in2DMode":false,"pivot":{"x":3.3249998092651369,"y":0.1249999850988388,"z":-6.674999237060547},"rotation":{"x":0.003270528046414256,"y":0.9947579503059387,"z":-0.09669298678636551,"w":0.03368666023015976},"size":141.9781494140625,"orthographic":false}