{"cameraMode":{"drawMode":0,"name":"Shaded","section":"Shading Mode"},"sceneLighting":false,"audioPlay":false,"sceneViewState":{"showFog":false,"showMaterialUpdate":false,"showSkybox":false,"showFlares":false,"showImageEffects":false,"showParticleSystems":false},"in2DMode":false,"pivot":{"x":-15.826231002807618,"y":6.3873748779296879,"z":-86.34669494628906},"rotation":{"x":-0.14687956869602204,"y":0.7137448191642761,"z":-0.15728400647640229,"w":-0.6665287017822266},"size":135.15139770507813,"orthographic":false}